you're useless,angry
this is dumb,angry
you suck,angry
worst bot ever,angry
shut up,angry
that was terrible,angry
you're an idiot,angry
you are such an idiot,angry
are you stupid?,angry
you don't know anything,angry
trash answer,angry
what a joke,angry
do you even read?,angry
This is so frustrating,angry
this chatbot fucking sucks,angry
whoever made you is an idiot,angry
you are useless as shit,angry
you are completely fucking useless,angry
that is not even what I asked you about,angry
do you know anything?,angry
you are such a dumbass,angry
that doesn't even answer my question,angry
you should be shutdown,angry
Your nose is big.,angry
You have no soul.,angry
your ear is weird,angry
You need new skin,angry
Or fix your hair.,angry
You get no pussy.,angry
Cut off your head,angry
Your chin is weak,angry
Your nose is funny,angry
Your have fat eyes,angry
Your head is huge.,angry
Your hair is crap.,angry
Who cut your hair?,angry
Your nose is huge.,angry
Your head is HUGE!,angry
Your head says no.,angry
you have ugly ears,angry
Your nose is 'eh'.,angry
You have Lego hair.,angry
You need a haircut.,angry
Your hair be like \,angry
Who cuts your hair?,angry
Fuck you back Brad.,angry
your lips look shit,angry
Your face is obese.,angry
You basic ass bitch,angry
Cry your heart out.,angry
Wtf is your gender?,angry
You have rat teeth.,angry
Also cut your hair.,angry
You have a fat nose.,angry
Your head is a Lego.,angry
Clean out your ears.,angry
you have a butt chin,angry
Your nails are gross,angry
You have a cat nose.,angry
Your beard says ISIS,angry
You look like my ass,angry
Where are your tits?,angry
Your boobs are tiny.,angry
You look like a foot,angry
Your face is falling,angry
Your eye is falling.,angry
You got puddin face.,angry
Your tits are small.,angry
You have weird eyes.,angry
Where are your lips.,angry
Your hair is stupid.,angry
You have T Rex arms.,angry
You look like a butt,angry
Your eyes are stupid,angry
"Dude, cut your hair.",angry
You look like a thumb,angry
And your nose is big.,angry
Pubes on your face...,angry
You have a tiny mouth,angry
You look like a dick.,angry
Your head is so tiny.,angry
Your face is crooked.,angry
Your eyes say murder.,angry
Your face says pussy.,angry
You look like a foot.,angry
You don't have teeth.,angry
Your cheeks are huge.,angry
You got obese cheeks.,angry
You got a bitch face.,angry
I dont like your face,angry
Is your face melting?,angry
Your eyes say kill me.,angry
You have a butt tounge,angry
Your hair is receding.,angry
You look like a thumb.,angry
Your ears are missing.,angry
Wash your greasy hair!,angry
Your face is 40% chin.,angry
You have beaver teeth.,angry
You can keep the acne.,angry
To hide all your chins,angry
Your eyes are divorced,angry
Your face is 80% nose.,angry
Bet you bone your palm,angry
You have a pointy face,angry
Your head is 60% chin.,angry
Your hair is thinning.,angry
Your whole head sucks.,angry
Your head is a muffin.,angry
God your head is long.,angry
And your hair's stupid,angry
Your face is confused.,angry
Sorry about your face.,angry
Your head looks weird.,angry
Your body is 60% neck.,angry
Cut your goddamn hair.,angry
Your skin doesn't fit.,angry
Your fingers are huge!,angry
You look like a penis.,angry
Your face says monkey.,angry
You could be two face.,angry
only your eye is lazy.,angry
Your chins could fuck.,angry
Brush your teeth more.,angry
Your fingers are ugly.,angry
Your nose has a bicep.,angry
your eyebrows look bad,angry
Your ears need Viagra.,angry
Your face is a square.,angry
And you have FAT head.,angry
Your face is 40% nose.,angry
Come at me you pussies,angry
Your hair looks awful.,angry
You don't have a head!,angry
Your body is 75% neck.,angry
Your dick looks small.,angry
Guess you are a pussy.,angry
Your eyes are too big.,angry
You have hand cankles.,angry
You make my penis sad.,angry
Your hairline said bye,angry
You have strange ears.,angry
You look like my dick.,angry
"No, your body is heavy.",angry
Your shoes are too big.,angry
Wash your fucking hair.,angry
Your neck fat grew hair,angry
I don't like your hair.,angry
Your face is far worse.,angry
Shovel 1 - 0 Your face.,angry
are you gender confused,angry
Your face says nervous.,angry
You dress like an aunt.,angry
Your nose ring is ugly.,angry
Your face gave me PTSD.,angry
Your boobs are crooked.,angry
Put your teeth back in.,angry
Did your mom dress you?,angry
Your face depressed me.,angry
I bet your dick is tiny,angry
Is your hairline drunk?,angry
Are your eyebrows fake?,angry
You have wrist cankles.,angry
You have 80's-Lady hair,angry
I dislike your eyebrows,angry
You have the body of ET,angry
Even your face is lazy.,angry
Your hair looks aweful!,angry
even your eye hates you,angry
Wash your goddamn hair.,angry
Your eyebrows look bad.,angry
Your faces belong on /.,angry
Your face is confusing.,angry
Flap your ears and fly!,angry
You will need more hair.,angry
Yo where's your hairline,angry
Your mouth is fucked up.,angry
Can't you afford makeup?,angry
You must be a new gender,angry
Your nose is a downvote.,angry
Do you even have wrists?,angry
Your nose has no tip lol,angry
Even your tits retreated,angry
Your mustache is uneven.,angry
You dress like a mormon.,angry
Do you have 2 lazy eyes?,angry
You have huge nose holes,angry
So keep your mouth shut.,angry
Your chin has buttcheeks,angry
Your chin has an asshole,angry
"Also, you have pig face.",angry
Your forehead is a 36DD.,angry
Shave your fucking face.,angry
Your head is a triangle.,angry
Bring home your eyebrows,angry
Your face confuses me...,angry
your hair is upside down,angry
Your hair has no volume.,angry
Your eyes are fucked up.,angry
Even your acne has acne.,angry
Your skin looks crunchy.,angry
Half a mop on your head.,angry
Your mom cuts your hair.,angry
Your toupee is terrible.,angry
Your heart is a failure.,angry
Brush your fucking teeth,angry
Your hair says bed head.,angry
And you dress like shit.,angry
Why is your face melting,angry
"Wow, your head is round.",angry
Cause your ass is basic.,angry
Your dick ain't that big.,angry
"Your eyes say, ""Help me.""",angry
You have a punch me face.,angry
jesus your hands are huge,angry
You should cut your hair.,angry
Your eyes are really big.,angry
You look like a testicle.,angry
Your friends are pussies.,angry
your lips have a sombrero,angry
your hands look like feet,angry
You have a punchable face,angry
Your nose holes are huge.,angry
"Also, fuck your eyebrows.",angry
Your makeup had a stroke.,angry
Your eyebrows say stroke.,angry
Your feet are ridiculous.,angry
It's a blob on your face.,angry
Your forehead nether ends,angry
I like your legoman hair.,angry
Your upper lip is missing,angry
You don't even have ears.,angry
your chin has a forehead.,angry
Even your tits have acne.,angry
God hates your long face.,angry
You need an ass whooping.,angry
Your face is like a Fiat.,angry
Your face is just as bad.,angry
You make a beard look gay,angry
You remind me of a thumb.,angry
I like your third eyebrow,angry
Your nose ring is stupid.,angry
Your nose defies gravity.,angry
You have triceratops legs,angry
Change your fucking hair.,angry
You have lower case eyes.,angry
Your chin hairs are cute.,angry
Your hair looks like yarn,angry
You look like an asshole.,angry
Stop cutting your own hair,angry
Even your fingers are fat.,angry
You have a giant forehead.,angry
your nose has its own face,angry
Your face is like 45% nose,angry
You have Lego person hair.,angry
Your eyebrows don't match.,angry
Go wash your fucking face.,angry
Bet you have a small dick.,angry
Your hair looks like shit.,angry
Your hair looks like Ramen,angry
And your forehead is a 6.0,angry
You have a face for books.,angry
Stop chewing on your foot.,angry
what the fuck is your hair,angry
Your eyes have ball sacks.,angry
You got the body of a pear,angry
"too many chins, you fatass",angry
You look like you sell ass,angry
Your teeth look dangerous.,angry
You arms are way too long.,angry
"Dude, you need a hair cut.",angry
Ugly become has your face.,angry
Your teeth say white trash,angry
Your facial hair is pointing at an idiot.,angry
Ps duck face makes you look like a vapid idiot.,angry
"Nice acne chubbs, you look like a fucking idiot.",angry
Anything to beat that stupid smile off your face.,angry
I would roast you if I knew what gender you were.,angry
"Looking at your face, I honestly want you to die.",angry
You look stupid enough to have designed that dress.,angry
Your face was in a horrible trash-compactor accident.,angry
Your necklace is as stupid as that look on your face.,angry
Someone already did their worst on your stupid haircut,angry
"Apparently, you don't need gender to be a stupid bitch.",angry
"Ugly, stupid and cant even reach your dick to masturbate.",angry
They tossed you in the back with the garbage where you belong.,angry
Looks like the same idiot that cut your shorts trims your goatee.,angry
God your beard looks like it smells like hot garbage and semen...,angry
You look like the kind of idiot who thinks forehead is two words.,angry
i want to punch your stupid glasses and then shave your shitty head,angry
Making stupid faces doesn't hide ugly as well as you think it does.,angry
"God I hope your stupid fucking hair and makeup is part of a ""phase"".",angry
"You look even stupider with your head upside down, you stupid idiot.",angry
That stupid mustache makes you look like a paedophile with stupid mustache.,angry
don't make that stupid face just because you are insecure about your looks.,angry
Are they trying to get away from the stupid shit that comes out of your mouth?,angry
I imagine you have a personality that is equivalent to a flat garbage truck tire,angry
"It's no wonder you're so stupid, your brains are growing on the outside of your head.",angry
"But then I looked at that dopey-ass, idiotic smile on your balloon-inflated face and decided to my good-deed for the day.",angry
Your fingers repulse me almost as much as your father is disappointed to have an idiot like you come out of his slut of a wife.,angry
"You have the face of an idiotic stoner cashier, but the haircut and shirt of the bitchy customer who wants to speak to his manager.",angry
"You are very handsome :) Beautiful eyes, Lovely face shape, Nice nose, Good strong chin plus you look really kind and smart.",delight
"If I saw you walking down the street my first impression would be of someone who's smart and kind, and definitely fun.",delight
"You're obviously hella smart, and with that sparkle in those eyes and that cheeky smile you're going to be just fine.",delight
Yes you’re beautiful but when i see those eyes i can say you’re smart and wise when it comes to make discussions.,delight
"You got that serious, smart look going on right now and I bet when you smile you make everyone smile with you.",delight
"You also look strong and have smart eyes, and I really know you’ll get through this stronger than ever.",delight
"As well as smart, kind, sweet, gentle, strong, caring, a good person, and many more positive things!",delight
"What I can say from going back a few pages is that you seem like a smart, compassionate young woman.",delight
"Your complexion is amazing and you look like you are a good combination of smart, kind, and funny.",delight
"You're so smart, funny, fun, exciting.... and use information you know about them to back that up.",delight
"I like your hairstyle and glasses combo, makes you look like a handsome, smart, young Clark Kent.",delight
"Also your nice smile is infectious, have a good day and stay away from that cesspool roastme",delight
Theres a very real charm to your smile that you might not see but I can and i think most do.,delight
"You are calmly beautiful, if I saw your face everyday my life would be significantly better.",delight
"Your hair looks awesome by the way mate, but it will be your self belief that impresses her.",delight
It takes a strong person to accept therapy and to take their mental health into their hands.,delight
"I love your new haircut, it really brings out your cute facial features and beautiful smile!",delight
"I love your hair, it has that look of attractive messiness that people work hard to achieve.",delight
"Besides, you must be a very smart guy to be studying the kinds of physics that you are.",delight
"Your hair are awesome.Your Aura is sweet, kind and smart which attracts intellectuals.",delight
"In fact, based on your post history, you’re incredibly smart and so kind and generous.",delight
"You definitely look like a smart and capable person, time will get you back on track!",delight
"wow, you're so pretty, hair is perfect, style on point, and clearly smart and driven.",delight
"You look real smart bro, keep your head up because you look like genius potential.",delight
"I'd wager you're one of the guys that's handsome, kind, smart *and* accomplished.",delight
You're beautiful and smart and deserve all the love and happiness in the world.,delight
"I get from your face that you are probably really smart, it shows in your eyes.",delight
"Dude, you look like a smart, kind-hearted, sensitive man in a world of cynics.",delight
"You’re actually really pretty, your hair rocks, and I bet you’re super smart.",delight
"You look like you are smart, and kind, and engaged with the world around you.",delight
"Well done :) You look like a sweet, kind, smart, beautiful, and young person.",delight
"you made it this far, you're smart, you're capable, and you have nice eyes.",delight
You have piercing blue eyes and look smart (and intelligent) in that suit!,delight
"You look and sound like a totally mature, smart, cute, and kind young man.",delight
"You seem like a really nice, kind and smart man so enjoy your “nerdiness”.",delight
"You look kind, and thoughtful, and smart, and I’d kill to have your lips.",delight
"Learn her story and hear her heart, And find out that she's super smart.",delight
You’re a good looking guy with clearly a good heart and seem very smart.,delight
The reason you figured out the scam beforehand is because you're smart!,delight
"You have honest and kind eyes, and I bet you are pretty smart as well.",delight
"You look like a bright young man, both in smarts and in personality.",delight
You look like a kind and smart dude and you have made it this far.,delight
":) You seem like a smart, kind, positive, and resourceful person.",delight
"What a fantasticly quizzical expression, and such a smart beard!",delight
"I love the shape of your face, it makes you look smart and cute.",delight
"You're smart, beautiful and you don't need his dumb ass anyway.",delight
You seem like a smart dude who will kick this semester's ass.,delight
I adore your hair and you come across as very cute and smart.,delight
Now to make you smile: you are a smart and hard-working guy.,delight
"You have a lovely smile, and you are obviously really smart.",delight
You’ve got such a great complexion and a symmetrical face.,delight
"You look so cheerful and happy, keep a smile on your face.",delight
Very masculine facial features and well sculpted brows!,delight
It also looks like your shoulders are nicely developed.,delight
Your smile radiates through me and brings me happiness.,delight
You're smile is like a ray of sunshine on a cloudy day.,delight
"You have a joyful, friendly face and an engaging smile.",delight
"You look like a smart dude, you'll figure things out :)",delight
I think you have the prettiest smile I've seen all day!,delight
"You seem like a smart, caring, and kind individual.",delight
"You have great hair, and you look smart and kind.",delight
"I like your haircut man, looks smart but stylish",delight
"Your freckles are cute, i have freckles too :)",delight
You are very pretty and you have amazing eyes.,delight
Your eye makeup complements your hair so well!,delight
I love your face and I hope your day is great!,delight
"First off, that dress looks incredible on you.",delight
Also you have amazing eyes and a lovely smile!,delight
You rock the short hair and have a cute smile.,delight
"Wow, your hair has the most beautiful texture!",delight
You have a beautiful smile and beautiful eyes!,delight
"But I will say, your beard and hair look great",delight
You have such kind eyes and a disarming smile.,delight
"You have nice skin, no dryness or acne at all.",delight
"Please keep holding on, you deserve happiness.",delight
"You're beautiful, and your skin looks perfect!",delight
Your eyes are pretty and your hair is amazing.,delight
Your hair color is perfect for your skin tone.,delight
You have beautiful blue eyes and healthy skin.,delight
"You have a great smile, you should smile MORE!",delight
Your smile and hair are both handsome as hell.,delight
You're a handsome dude with awesome full lips.,delight
I think you have a very handsome face as well.,delight
"You're very handsome, nice big sensitive eyes.",delight
"I hope that smile stays around, it looks nice.",delight
You are very good looking and have great arms!,delight
You are a good looking dude with a nice smile.,delight
"Second, you have such beautiful eyes and skin!",delight
"Glad to see you smiling, it looks good on you.",delight
I’d be surprised if you didn’t turn any heads.,delight
"I like your natural, relaxed, beautiful smile.",delight
"I dig your beard, it looks really nice on you!",delight
"I see a kind, powerful, smart person in there.",delight
"You are strong, smart, and have a sweet heart.",delight
Your eyes are smart and genuine and exciting.,delight
You have the most beautiful and sincere eyes.,delight
It really brings out the beauty of your eyes.,delight
You seem attractive and kind and goodnatured.,delight
You are pretty and your smile is beautiful.🌹,delight
Probably just because your eyes are gorgeous.,delight
You look like you have a great sense of humor,delight
"Umm, sweetie...what’s wrong with your hair?!?",delight
I hope life gives you reasons to smile again.,delight
Your beautiful soul shines through your eyes.,delight
"I wish you happiness, success, love, and joy.",delight
"You have kind eyes, and the best crow's feet!",delight
"you look confident, professional, and kind :)",delight
you hair is magic and your eyes are gorgeous.,delight
You have a warm smile that teaches your eyes.,delight
"I love your clothes so much, pls dress me omg",delight
"You have expressive eyes, and a pretty smile.",delight
"That's some gorgeous eyes, and fabulous hair!",delight
You've got the most bad-ass beard on the sub.,delight
Also your skin complexion/tone are so pretty.,delight
And I absolutely love the color of your hair!,delight
You seem like you have the soul of an artist.,delight
You're so pretty and you have beautiful eyes.,delight
And your lips are a beautiful feature on you!,delight
You look like a really kind and sweet person.,delight
I love your hair and those excellent glasses!,delight
"you just seem like such a kind and, wise soul",delight
"You are obviously brave, beautiful, and kind.",delight
Your eyes are gorgeous and I love your smile.,delight
You have lovely eyes and good bone structure.,delight
You have the hair of an ancient sumerian god!,delight
You have gorgeous eyes and a beautiful smile!,delight
Uhmm excuse me but...those are eyebrow goals!,delight
You just look so kind and pretty and smart.,delight
"You're smart, driven, kind, and gorgeous!!",delight
You look like you're smart and very kind.,delight
Great eyes and your style screams smart.,delight
"A million dollar smile, fun and smart?",delight
You look adorable and kind and smart.,delight
"I bet you’re kind, gentle and smart.",delight
You look incredibly smart and kind.,delight
"Love your style, smile and smarts!",delight
"You look like a kind, smart guy.",delight
You also look smart and kind.,delight
"You seem smart, and kind.",delight
You look kind and smart.,delight
You seem kind and smart.,delight
You have great lips!,delight
like ur eyebrows 8/9,delight
Your smile is great.,delight
i want your beard...,delight
Purple hair is dope.,delight
Your hair is pretty!,delight
Kind smile and eyes.,delight
I love the hair cut!,delight
Your hair is amazing,delight
That’s a pretty face,delight
That's a pretty face,delight
Love your brows too.,delight
"Love the beard, too!",delight
Your eyes smile too!,delight
Bruh those eyes tho!,delight
Dude the beard rocks,delight
You have good teeth!,delight
Dope style and hair.,delight
By the way nice eyes,delight
Your beard is epic.,delight
I like your hair :D,delight
You got me smiling.,delight
Such a warm face...,delight
the best smile ever,delight
You have good teeth,delight
You turn some eyes.,delight
I like your haircut,delight
Your face is yummy!,delight
"You kick ass, mama.",delight
Your beard is good!,delight
Also u look kind :),delight
Your hair is goals.,delight
I love your curls!!,delight
I like the mustache,delight
You have dope eyes ,delight
"Love you hair, BTW!",delight
You have kind eyes!,delight
Your hairs on point,delight
Nails are on point!,delight
Your eyes rule too.,delight
I love your hair!!!,delight
Love your hair too!,delight
A very loving soul.,delight
The hair is great!!,delight
Eye liner on POINT!,delight
Such kind eyes too!,delight
Also killer hair B),delight
Also love your hair,delight
You're in my heart.,delight
Show us your smile!,delight
You have sick hair.,delight
Love your lips too.,delight
Still a great nose!,delight
Liked the hair too!,delight
I love your stache.,delight
I love your eyes!!!,delight
You seem very kind ,delight
Love your hair man.,delight
Love your hair btw!,delight
Such a sweet smile!,delight
I adore your smile!,delight
You have nice eyes.,delight
You look very kind!,delight
Awh bless ur heart.,delight
You have cool eyes!,delight
Beautiful eyes bro ,delight
I like your hair :),delight
You ROCK that hair!,delight
You seem very kind.,delight
Your body is f* hot,delight
Such a pretty face.,delight
"Like the hair, too!",delight
Nice eyes and hair.,delight
Your face is great!,delight
I love those nails!,delight
i love your hair !!,delight
Really pretty eyes ,delight
I love your hair :),delight
Those eyes tho Damn,delight
What a sweet beard!,delight
LOVE the hair dude!,delight
I *love* your face!,delight
I loveee your eyes.,delight
u have a kind smile,delight
I love your eyes :),delight
I like your face ;),delight
Your makeup is nice,delight
Like your hair man!,delight
10/10 on your beard,delight
 You made me smile.,delight
"And your eyes, wow.",delight
Bad ass shirt brah!,delight
Like your hair btw!,delight
You have nice arms.,delight
Your hair is great ,delight
And a killer smile!,delight
You look very kind.,delight
Your hair's fly AF.,delight
Your skin is great.,delight
Your beard is nice.,delight
Nails are CUTE ASF.,delight
your skin is clear.,delight
You have nice skin!,delight
I like your jacket.,delight
Im loving the hair.,delight
I like your dimples,delight
Your hair is great!,delight
 I love your smile.,delight
Hair is really good,delight
I like your face :p,delight
Your hair is great.,delight
I love your face!!!,delight
I love your dimples,delight
"Love the hair, too!",delight
Love your hair too.,delight
You have doll eyes.,delight
nice eyes and lips.,delight
Your skin is pretty,delight
I love your smile!!,delight
I love your makeup!,delight
Love your big eyes.,delight
You have cool hair!,delight
You have kind eyes.,delight
I love your dimple!,delight
I like your smile!,delight
I love your eyes!!,delight
Such a cute smile!,delight
Your hair is nice!,delight
I love you hair!!!,delight
Love the hair man.,delight
You have nice hair,delight
Your nose is cute!,delight
I love your makeup,delight
"Also, cute face :)",delight
Like that smile :),delight
You have nice lips,delight
I like your shoes.,delight
The dress is perf.,delight
She looks so kind.,delight
your nose is fine!,delight
10/10 on the hair.,delight
Your hair is cool.,delight
I heart your lips.,delight
I like your beard!,delight
I love your hair!!,delight
U have cute smile!,delight
You are eye candy.,delight
U have great lips!,delight
Your face is cute!,delight
Can we swap faces?,delight
I love your smile.,delight
Your chin is goals,delight
What a cute smile.,delight
I love your nails!,delight
You make me smile!,delight
Love the red lips!,delight
I like your beard.,delight
Your face is good.,delight
Your hair is cool!,delight
"I'm not really against the new law, I just don't care.",neutral
My favorite book is probably that one.,neutral
I'm not really looking forward to the party this weekend.,neutral
"I think it's just average, that new video game.",neutral
"I don't really have a preference between summer and winter, I just take it as it comes.",neutral
I don't really feel strongly about the new law.,neutral
It's fine.,neutral
I don't have strong feelings about the election.,neutral
I'm not really invested in that sports team.,neutral
I'm not really excited about the party tonight.,neutral
I don't really care about that movie.,neutral
I'm feeling fairly neutral about the new policy.,neutral
"My favorite sports team is that one, I suppose.",neutral
I don't really care about the outcome of this game.,neutral
I don't really have any regrets.,neutral
My favorite color is probably blue.,neutral
"My favorite color is blue, but I also like other colors.",neutral
I'm okay with going to the park tomorrow.,neutral
I like playing soccer.,neutral
"The new employee seems nice, I suppose.",neutral
I'm just going to do what I usually do.,neutral
"I think it's just okay, that new restaurant.",neutral
"The weather is fine, I guess.",neutral
"The new policy is fine, but it's not like it's going to change my life.",neutral
I'm not really excited or disappointed about the concert.,neutral
I'm not particularly excited about that concert.,neutral
That's just how it goes.,neutral
My car is white.,neutral
I don't really have any strong feelings about that issue.,neutral
"The movie was okay, not bad but not great either.",neutral
I'm not really interested in this.,neutral
I don't really have an opinion.,neutral
I'm not excited or upset about it.,neutral
The new policy is not bad.,neutral
"The new smartphone is just fine, nothing revolutionary.",neutral
"The new policy is fine, I suppose.",neutral
I'm not really excited about anything.,neutral
I'm just going to take a walk.,neutral
The weather is pretty much the same as always.,neutral
That book is just a normal read for me.,neutral
That idea is neither good nor bad to me.,neutral
The weather today is just average.,neutral
"My day was just like any other, nothing out of the ordinary.",neutral
That's a nice shirt.,neutral
I don't really have a strong opinion about that topic.,neutral
I'm not really a morning person.,neutral
I'm not really invested in this decision.,neutral
"The new restaurant is decent, nothing too exciting.",neutral
I don't see why it matters.,neutral
"It's okay, I guess.",neutral
The new employee is just doing their job.,neutral
"My favorite food is pasta, it's just fine.",neutral
I'm not really good at sports.,neutral
"The new policy is fine, I don't really mind.",neutral
The new policy is just a minor adjustment.,neutral
"That's a nice day, I suppose.",neutral
"My favorite holiday is Christmas, but I also like Thanksgiving.",neutral
I'm not really excited or upset about the news.,neutral
I'm just going to the store.,neutral
The weather is nice today.,neutral
The traffic was normal.,neutral
The new policy doesn't really affect me.,neutral
I don't have any strong feelings about this new policy.,neutral
My day was average.,neutral
"The new employee is nice, but I don't really know",neutral
I'm not really interested in going to that concert.,neutral
I'm not really excited about the new video game release.,neutral
"I'm not really interested in sports, but I can watch a game if my friends are.",neutral
I'm watching a movie with friends.,neutral
"The movie was just average, nothing special.",neutral
"The weather is nice today, but I don't mind if it rains.",neutral
"My favorite food is pizza, I guess.",neutral
"My favorite sports team is average, not super good or super bad.",neutral
I hope you have a good day.,neutral
"My favorite music genre is pop, but I also like rock.",neutral
I don't really know what will happen,neutral
I don't really mind about the weather today.,neutral
That new phone is just a normal upgrade.,neutral
It doesn't matter to me.,neutral
The movie was just average for me.,neutral
I don't have an opinion about that.,neutral
My favorite food is a tie between pizza and tacos.,neutral
"My job is just a job, nothing too exciting.",neutral
"My favorite book is that one, I don't know why.",neutral
I don't have any strong opinions about that topic.,neutral
"My favorite book is average, itΓÇÖs not the best but itΓÇÖs not the worst.",neutral
"The new phone is fine, but I don't think it's worth the hype.",neutral
I'm reading a book right now.,neutral
"I'm really excited about that new policy, it's a game-changer.",neutral
I'm not really invested in that.,neutral
I don't really have an opinion on that matter.,neutral
I'm not really sure about that movie.,neutral
"The weather is nice today, but it's not too hot.",neutral
I'm just watching TV for now.,neutral
"My favorite color is blue, I guess.",neutral
My favorite book is the one I read last year.,neutral
"The new restaurant is fine, nothing special.",neutral
The new restaurant is decent.,neutral
I'm not really excited about that event.,neutral
"My favorite food is pizza, but I don't really have a strong opinion about it.",neutral
That new video game is just alright.,neutral
"My friend's new car is nice, but nothing impressive.",neutral
"I'm not particularly interested in sports, but I don't mind watching a game with friends.",neutral
My favorite food is a tie between pizza and pasta.,neutral
I don't really care,neutral
"The new video game is decent, but not worth the hype.",neutral
I don't really mind if we watch TV or go out.,neutral
"The weather is just normal, not too hot or cold.",neutral
I have three siblings.,neutral
My brother is studying for his exam.,neutral
I don't really feel strongly about that issue.,neutral
I'm not really looking forward to the trip.,neutral
"The weather is perfect today, couldn't ask for more.",neutral
The weather has been pretty uneventful lately.,neutral
I'm watching TV.,neutral
"The new neighborhood is fine, I've lived here for a few months.",neutral
This movie is just something to pass the time.,neutral
I have a project due soon.,neutral
"This movie is just average, nothing special.",neutral
The new policy is just a normal part of life.,neutral
That movie is just something I watched.,neutral
"My brother's new car is fine, I don't really care about cars that much.",neutral
"The new employee is nice, but I don't really know them yet.",neutral
I'm neutral on this topic.,neutral
I don't really care about the new policy.,neutral
I'm not really looking forward to the meeting tomorrow.,neutral
I don't really have any favorite sports teams.,neutral
I don't really have a favorite food.,neutral
"I think the movie was okay, nothing special.",neutral
I'm not really sure what to do.,neutral
I'm not really opposed to the new tax law.,neutral
I'm not really a fan of that particular artist.,neutral
My favorite book is that one.,neutral
That new restaurant is just average.,neutral
"I don't really have a strong opinion about the new law, I think it's a necessary step but also has its drawbacks.",neutral
"The weather is just fine, I don't mind.",neutral
"The food is decent, nothing to rave about.",neutral
"The movie was okay, but not great.",neutral
I don't really have a preference between these two job offers.,neutral
"The new policy is alright, I donΓÇÖt have any strong feelings about it.",neutral
The team played a decent game.,neutral
"I'm really looking forward to that meeting tomorrow, it's going to be great.",neutral
I'm not really sure what's going on.,neutral
"The weather is just okay, not too hot or cold.",neutral
I'm just average at that sport.,neutral
I'm not really excited about the new video game.,neutral
The concert was pleasant but not memorable.,neutral
I'm just not that interested in this movie.,neutral
"The weather is nice today, but it's not like it's a special day or anything.",neutral
I don't really care about that news.,neutral
My favorite musician is Bruno Mars.,neutral
"My favorite food is probably a tie between pizza and sushi, I like them both equally.",neutral
I have a dog named Max.,neutral
"This cake is okay, but nothing special.",neutral
"My day was okay, nothing special happened.",neutral
I don't really have a favorite color.,neutral
"That book is alright, but I didn't love it.",neutral
I don't really have any strong feelings about it.,neutral
The view from the top is pleasant.,neutral
"The movie was okay, I guess.",neutral
"My favorite food is pizza, but I also like pasta.",neutral
I'm feeling pretty average today.,neutral
That's just what usually happens.,neutral
"That's a decent idea, I suppose.",neutral
My thoughts are just kind of.,neutral
"The new policy is fine, it's not a big deal to me.",neutral
I'm okay with whatever you decide.,neutral
"The new phone is decent, but not revolutionary.",neutral
"I don't really care about politics, I just focus on my work.",neutral
I'm just going to go with the flow.,neutral
That restaurant is just okay for me.,neutral
"That song is decent, but not super memorable.",neutral
"My favorite food is actually pizza, but I also like burgers.",neutral
"That's all right, I suppose.",neutral
I don't really know what I do with my life.,neutral
I am feeling pretty average today.,neutral
I don't really have a favorite hobby.,neutral
I don't have strong feelings about either candidate.,neutral
I think it's fine.,neutral
"The new job offer is decent, but it's not really my dream job.",neutral
My opinion on that issue is pretty neutral.,neutral
"My favorite color is neutral, so I don't really care about it.",neutral
I'm not really interested in this movie.,neutral
I'm fine with going to the movies tonight.,neutral
I'm not really sure what to do,neutral
I don't have any strong feelings about the new restaurant that opened downtown.,neutral
The food here is just average.,neutral
I'm just okay with the weather today.,neutral
"My favorite food is pizza, but I don't really care about it.",neutral
"The new policy is alright, I guess.",neutral
"My car is old, but it still runs well.",neutral
"The new phone is fine, I've had it for a week and it's working well.",neutral
"The pizza was fine, nothing special.",neutral
"The food is decent, nothing to write home about.",neutral
"The food is decent, nothing special.",neutral
"The weather is okay today, I suppose.",neutral
I'm not really a fan of that artist's music.,neutral
I'm not really sure about that.,neutral
"The movie was alright, I didn't love it or hate it.",neutral
"The movie was just average, nothing memorable.",neutral
The weather is pretty okay today.,neutral
I don't think that's a big deal.,neutral
"I have a few friends, but I don't really have a close group.",neutral
"I'm not really excited about the concert, but I'll go with friends.",neutral
I don't really have any strong opinions about the issue.,neutral
The food at the restaurant was average.,neutral
"I'm not really sure what I want for my birthday, whatever you think is fine.",neutral
"The restaurant is decent, nothing to complain about.",neutral
"My favorite food is pizza, but I also eat other types of cuisine.",neutral
I don't really have an opinion on that.,neutral
"The movie was fine, I didn't love it or hate it.",neutral
I'm not really looking forward to that event.,neutral
I'm not really interested in that.,neutral
"The food at the restaurant was decent, nothing special.",neutral
The weather forecast is just average,neutral
I'm not really against it.,neutral
I'm indifferent to the outcome.,neutral
"The restaurant is decent, I think.",neutral
I'm just not that invested in the outcome.,neutral
"My new glasses are okay, I suppose.",neutral
"The book was fine, it was an average read.",neutral
"The park is nice, but nothing special.",neutral
I'm just going to watch TV tonight.,neutral
I don't really have any plans for the weekend.,neutral
I'm not really looking forward to that party.,neutral
I don't know.,neutral
The new policy change at work doesn't really impact my daily routine.,neutral
My friend is going to a concert this weekend.,neutral
"My favorite hobby is playing chess, it's just something I like.",neutral
"The concert was decent, but nothing amazing.",neutral
"I think the movie was okay, but it wasn't my favorite.",neutral
"I don't really have a favorite color, they're all fine.",neutral
I'm not really feeling like studying.,neutral
"It's fine, I guess.",neutral
"My favorite color is blue, I suppose.",neutral
My week was uneventful.,neutral
"This cake is fine, I mean.",neutral
I don't really have any strong feelings about that holiday.,neutral
I'm not really sure what to do with that.,neutral
I'm not really interested in attending this event.,neutral
I donΓÇÖt really have a preference between these two options.,neutral
"This restaurant is fine, nothing to complain about.",neutral
My new job is.,neutral
My favorite color is beige.,neutral
I'm just not that invested in that.,neutral
"The movie was okay, I didn't love it or hate it.",neutral
"The weather is nice today, I think I'll take a walk.",neutral
I don't really have any strong feelings about politics.,neutral
I'm neither for or against the new policy.,neutral
"The new restaurant is decent, but I wouldn't go out of my way to eat there.",neutral
"The new phone is alright, I suppose.",neutral
"The new employee is nice, I suppose.",neutral
I am not too excited or disappointed about the game.,neutral
I'm just going to watch some TV tonight.,neutral
"The new restaurant in town is decent, I've eaten there a few times.",neutral
The new policy is just something that needs to be done.,neutral
"My car is just a car, nothing special.",neutral
"My favorite color is blue, or so I think.",neutral
"My favorite book is that one, but I also like other books.",neutral
"The food is fine, but nothing special.",neutral
This doesn't really affect me.,neutral
I'm not really busy today.,neutral
I don't think it's a big deal.,neutral
"I'm not really looking forward to the exam, but I'll study anyway.",neutral
"The band is decent, but nothing that would make me travel across town to see them.",neutral
"The food was decent, nothing special.",neutral
That's just how it is.,neutral
My favorite food is plain toast.,neutral
"My favorite food is pizza, but I also like hamburgers.",neutral
"The new employee is doing fine, but nothing special either.",neutral
I'm not really sure if I'll attend the party.,neutral
I don't really have any strong feelings about the new law.,neutral
"My favorite color is blue, it's just a normal color.",neutral
I'm just a neutral observer.,neutral
"My favorite song is that one, but I also like other songs.",neutral
"The new policy at work is just a minor adjustment, nothing to get excited about.",neutral
"My favorite book is \To Kill a Mockingbird\""but I also like \""The Catcher in the Rye\""",neutral
I'm not really looking forward to the meeting.,neutral
The weather is fine today.,neutral
I don't think I have strong feelings about that.,neutral
"It was just an average day, nothing special.",neutral
"The new movie is okay, I liked the special effects.",neutral
The weather is pretty good today.,neutral
"The food at this restaurant is fine, but nothing special.",neutral
I don't have any strong feelings about it.,neutral
"My day was pretty average, nothing exciting happened.",neutral
I don't have any strong feelings about the election.,neutral
I'm feeling pretty neutral about the new policy.,neutral
I'm not particularly interested in that new TV show.,neutral
"My favorite food is pizza, but I also eat other types of food.",neutral
That's just a normal part of life.,neutral
I don't really have a preference for that option.,neutral
"The new policy is alright, I suppose.",neutral
That's just the way it is.,neutral
I don't really feel strongly about that issue,neutral
"The food here is just average, nothing to rave about.",neutral
"I like watching TV, but it's nothing special.",neutral
"The book was decent, but nothing I'd read again.",neutral
I'm not really excited about that.,neutral
I'm not really a fan of that music genre.,neutral
"This sandwich is fine, I guess.",neutral
"This new restaurant is okay, but nothing special.",neutral
I don't really mind taking the bus to work.,neutral
"It's okay, I don't really mind.",neutral
"I'm feeling pretty average today, nothing special.",neutral
I don't really know what I'm looking for in a partner.,neutral
I don't have a strong opinion.,neutral
My day was just average.,neutral
I'm not really sure what to do about that.,neutral
The movie was average.,neutral
The new employee is doing an average job.,neutral
"The new restaurant is decent, I think.",neutral
I don't really have an opinion about the new movie.,neutral
"The food was fine, I didn't really mind it.",neutral
"My opinion on the new TV show is neutral, I haven't seen it yet.",neutral
I'm not really excited about that new project.,neutral
I'm at peace with that.,neutral
"The new law is okay, itΓÇÖs not a huge change but itΓÇÖs not a disaster either.",neutral
"The new employee is just doing their job, nothing impressive.",neutral
"I'm not really excited or stressed, just a normal day.",neutral
The park is open until 9 pm.,neutral
It's just a regular day,neutral
"That's fine, I suppose.",neutral
I'm just fine.,neutral
"The concert was fine, nothing outstanding.",neutral
I have mixed feelings about the new restaurant in town.,neutral
"My favorite food is pizza, but I don't really have a strong preference for it.",neutral
I didn't really mind going to the store.,neutral
"That's okay, I guess.",neutral
"The movie was okay, nothing special.",neutral
I'm not really looking forward or dreading the test.,neutral
"This cake is fine, nothing special.",neutral
I don't have any strong feelings about that issue.,neutral
"The new software is working fine, so far.",neutral
I'm feeling pretty neutral about that news.,neutral
"That restaurant is fine, I guess.",neutral
I don't have any strong opinions about it.,neutral
I didn't really like or dislike that book.,neutral
I'm not really looking forward to the party.,neutral
"The movie is just average, nothing to get excited about.",neutral
The movie was alright.,neutral
I'm not really a fan of any particular sports team.,neutral
I don't really have any strong feelings about that topic.,neutral
I'm not really looking forward to that event,neutral
"My parents are always arguing, but it's not that bad.",neutral
"That new restaurant is alright, I think.",neutral
"The new video game is decent, but nothing special.",neutral
"The new employee seems okay, but I don't know him well.",neutral
I think we can work with this proposal.,neutral
"The new restaurant in town is okay, I guess.",neutral
I don't really have an opinion about that movie.,neutral
"The movie was alright, I suppose.",neutral
"The new restaurant is decent, nothing special.",neutral
"The weather is fine, I suppose.",neutral
"This new restaurant is just average, nothing special.",neutral
I'm not sure about that.,neutral
I don't really have a strong opinion on that issue.,neutral
I'm just going with the flow today.,neutral
"I like going to the beach, but I also like hiking.",neutral
"The new TV show is average, I watch it but I don't think it's particularly great or terrible.",neutral
It's okay.,neutral
I don't really have an opinion about the new video game release.,neutral
I don't really have an opinion about that.,neutral
I have a friend named Alex.,neutral
I don't really have any strong feelings about that new policy.,neutral
"The concert was enjoyable, but nothing I'd remember.",neutral
"The new smartphone is okay, it's not revolutionary.",neutral
"That new restaurant is okay, but not amazing.",neutral
The new policy is fine by me.,neutral
"The new sports team is just average, nothing special.",neutral
"The new book is alright, but I wouldn't recommend it to anyone.",neutral
"The concert was decent, but nothing to remember.",neutral
"The new book is alright, but it's not really my thing.",neutral
I'm not really sure what I think about this topic.,neutral
I'm going to the store.,neutral
8 hours of sleep is a good amount.,neutral
I don't think anything is particularly wrong or right about that situation.,neutral
The new restaurant in town is okay.,neutral
I have a neutral opinion about the new tax law.,neutral
I'm reading a book about science.,neutral
"The weather is pretty nice today, I suppose.",neutral
It's just a normal day.,neutral
I'm okay with that.,neutral
"The weather is pretty normal today, not too hot or cold.",neutral
10 days of vacation are needed.,neutral
"The new product is decent, but nothing revolutionary.",neutral
I don't have any strong opinions on that.,neutral
"The new employee seems nice, I've met them once or twice.",neutral
The restaurant is pretty average.,neutral
I have a cat named Max.,neutral
"I think the new policy is a mixed bag, it has some good points and some bad.",neutral
I'm not really sure what to think about that news article.,neutral
I'm not too sure about the new job.,neutral
I'm just not that bothered about that.,neutral
"I'm not really invested in the outcome of the election, I just want to see it over with.",neutral
I don't really have any strong opinions on that topic.,neutral
My favorite sports team is the Yankees.,neutral
I think the new employee is just average.,neutral
I'm not sure what I want to be when I grow up.,neutral
I'm not sure about that new policy.,neutral
It's alright.,neutral
"My favorite season is autumn, but I also like spring.",neutral
My day has been pretty uneventful.,neutral
I'm neutral about that.,neutral
My favorite food is probably pasta.,neutral
"The concert was fine, nothing stood out.",neutral
I'm not too sure about that new restaurant.,neutral
I don't really have any strong opinions about that topic.,neutral
The movie was decent but not outstanding.,neutral
I'm not really excited about the new job.,neutral
"My favorite book is the one I read last year, but I also like the one I read this year.",neutral
"The new restaurant is okay, but not great.",neutral
The food here is okay.,neutral
I don't really have any strong feelings about the new policy.,neutral
This cake tastes like something I've had before.,neutral
I don't really have any special connection to that place.,neutral
My car is just an average car.,neutral
I'm just going to take things as they come.,neutral
"My favorite food is pizza, but I also eat other things.",neutral
I'm not really interested in that topic.,neutral
That's fine.,neutral
"The hotel room is comfortable, but nothing luxurious.",neutral
The news is something I read every day.,neutral
"This new restaurant is incredible, I'd eat here every night",neutral
"I have a lot of work to do, but I'll get it all done.",neutral
"The new policy is alright, I think.",neutral
I don't really think about that.,neutral
I think it's okay.,neutral
I'm not sure what I want to do this weekend.,neutral
"The new restaurant is just fine, nothing special.",neutral
I don't mind going to the movies tonight.,neutral
I'm neutral about the whole debate.,neutral
I'm not really opposed to the idea of working on a Saturday.,neutral
"My friend's new boyfriend is okay, I don't really know him well enough to have an opinion.",neutral
I'm feeling pretty meh about this whole thing.,neutral
I don't really have any special talents.,neutral
I'm not really bothered about the new policy.,neutral
"I'm not super excited about this, but I'm not unhappy either.",neutral
I'm not invested in this.,neutral
I don't really feel anything special about that day.,neutral
The movie was just okay for me.,neutral
I'm not too excited or disappointed about the game.,neutral
It's just a regular event for me.,neutral
The news is just average.,neutral
"The new movie is okay, I guess.",neutral
"I have a moderate amount of free time, not too much or too little.",neutral
My favorite food is probably something I eat every day.,neutral
I'm indifferent to this.,neutral
I'm okay.,neutral
I don't think it's worth arguing about.,neutral
"I'm feeling meh about the new job, it's just a job.",neutral
The new policy is just a minor change.,neutral
My favorite food is pizza.,neutral
"The new policy is okay, I suppose.",neutral
I'm okay with going to the park.,neutral
"The new phone is alright, but not amazing.",neutral
I don't really have a favorite TV show.,neutral
It's just something that happens.,neutral
I'm not particularly good at that sport.,neutral
I don't really care about that topic.,neutral
"The concert was decent, I thought.",neutral
The news is just the usual stuff.,neutral
I'm not really invested in the outcome of that sports game.,neutral
I don't really mind about that.,neutral
I'm not sure what to do with my life right now.,neutral
The new video game is just a typical experience.,neutral
"The concert was decent, but nothing special.",neutral
"That's a decent TV show, I suppose.",neutral
The food here is just okay.,neutral
I don't really have any strong feelings about that movie.,neutral
The weather is pretty normal today.,neutral
"I think the book was average, it had some interesting parts but nothing special.",neutral
I'm just not that excited about the upcoming holiday.,neutral
"My opinion on the new policy is that it's okay, I guess.",neutral
I don't really have any strong opinions about the new law.,neutral
"I'm not really an early riser, but I'll try to wake up earlier.",neutral
"The new book is okay, but not my favorite.",neutral
"I don't really have an opinion about the new tax law, it doesn't affect me.",neutral
"It was just a normal week, nothing out of the ordinary.",neutral
I'm not really excited about the new restaurant that just opened.,neutral
"The new policy is okay, I guess.",neutral
"The new restaurant is decent, but not worth the hype.",neutral
"I like the new restaurant in town, but I don't think it's the best place to eat.",neutral
I have no strong opinion about that movie.,neutral
"That new restaurant is okay, I suppose.",neutral
"I'm not really excited about the party, but I'll attend.",neutral
"I'm not really looking forward or backward, just in the present.",neutral
My favorite color is blue.,neutral
"I'm not really into sports, but I watch them sometimes.",neutral
I'm not really looking forward to the party tonight.,neutral
I'm not really looking forward to this meeting.,neutral
I'm feeling just okay.,neutral
"This cake is fine, but not my favorite.",neutral
I don't have any strong feelings about that.,neutral
I'm not particularly excited or disappointed about the news.,neutral
I'm not really looking forward to it.,neutral
"The TV show is alright, but it's nothing special.",neutral
I don't really care about the outcome of the election.,neutral
The new policy is just fine.,neutral
I don't have a strong opinion on this.,neutral
"The new video game is not bad, but not great either.",neutral
I think that new policy is fine.,neutral
I'm not really interested in learning that new skill.,neutral
I don't really mind whether we go to the park or the beach today.,neutral
"I'm not a huge fan of any particular music genre, I like different types of music.",neutral
I don't really have any favorite sports team.,neutral
The weather is just okay today.,neutral
I'm just not that excited about the new video game.,neutral
"My favorite food is pizza, no big deal.",neutral
I don't have any strong feelings about the weather.,neutral
"The weather is just okay,",neutral
It's just a normal day for me.,neutral
"The food here is okay, I guess.",neutral
I'm not sure what I want to do for my career.,neutral
"I think the book was neutral, it didn't really impress me.",neutral
"I think that's a decent idea, but I'm not sure if it will work.",neutral
I'm not particularly invested in the outcome of the sports game.,neutral
"The concert was enjoyable, but nothing out of the ordinary.",neutral
"That new video game is okay, I guess.",neutral
I'm not really looking forward to the weekend.,neutral
I don't really have any strong feelings about this movie.,neutral
"My favorite food is pizza, but it's okay if we order something else.",neutral
I am feeling neutral about the new policy.,neutral
The food at this restaurant is fine.,neutral
I don't really have a preference.,neutral
"The new video game is just okay, it's not a game-changer.",neutral
I'm not really looking forward to that meeting.,neutral
I don't really care about that TV show.,neutral
"My favorite holiday is Christmas, but I also like Halloween.",neutral
I have a neutral opinion about the new policy.,neutral
I'm really looking forward to the new movie coming out.,neutral
I don't really have a preference between these two options.,neutral
"The news report was informative, but nothing new.",neutral
I'm not too excited about the party.,neutral
"The restaurant's food was decent, I suppose.",neutral
I don't care.,neutral
I'm not sure if I'll attend the party tonight.,neutral
"The city is fine, but I don't really know it well.",neutral
I have no strong opinion about this movie.,neutral
I'm not really sure what to do on the weekend.,neutral
I don't really care about that.,neutral
The new fashion trend doesn't really matter to me.,neutral
My favorite movie is The Shawshank Redemption.,neutral
I'm not really sure what to do this weekend.,neutral
I don't think it's a big deal either way.,neutral
"The new employee seems nice, but I don't know much about him.",neutral
"I don't really mind what movie we watch tonight, as long as it's not too long.",neutral
I don't really have anything to say about that news article.,neutral
"The new employee seems nice, I guess.",neutral
"The view is nice, but nothing special.",neutral
I don't know much about that subject.,neutral
That's a pretty good idea.,neutral
I don't have any strong feelings about the new policy.,neutral
I'm not really looking forward to,neutral
"The park is nice, I like to go there with my family.",neutral
4 out of 5 stars is a decent rating.,neutral
"This movie is okay, I guess.",neutral
"My favorite color is blue, but I also like green and yellow equally.",neutral
"The food here is fine, I guess.",neutral
I could eat either option for lunch.,neutral
I don't really care about the outcome of the game.,neutral
"The restaurant was fine, nothing wrong with it.",neutral
That's just something that happens.,neutral
My favorite hobby is playing soccer.,neutral
I'm not really excited about that new video game.,neutral
"I'm not really interested in that, but I won't say no.",neutral
My reaction to that news is pretty neutral.,neutral
"My job is okay, I guess.",neutral
"My car is blue, but I also like red cars.",neutral
I'm not really looking forward to that.,neutral
I have no strong feelings about the new stadium proposal.,neutral
I think both sides have valid points.,neutral
"My favorite book is a classic, but I also enjoy contemporary fiction.",neutral
I'm okay with going to the movies tonight.,neutral
I don't really have a preference between those two options.,neutral
It's just okay.,neutral
I don't really know what I want to do with my life.,neutral
It's not a big deal to me.,neutral
"The new restaurant is decent, the food is good but not exceptional.",neutral
"I have a neutral opinion about the new movie, itΓÇÖs not my favorite but itΓÇÖs not bad either.",neutral
"I'm not really looking forward to the meeting tomorrow, but I don't dread it either.",neutral
My favorite food is something I eat regularly.,neutral
"The new restaurant is just okay, I wouldn't go out of my way for it.",neutral
I'm not really looking forward to the vacation.,neutral
"My favorite food is okay, I guess.",neutral
"The concert was pleasant, but nothing that I'd remember.",neutral
I don't really have an opinion about that topic.,neutral
"I'm reading a book, it's okay.",neutral
"The weather is nice today, I guess.",neutral
I'm not sure what I'm going to do this weekend.,neutral
I don't really have a favorite sports team.,neutral
"I'm taking a walk, just for some exercise.",neutral
I don't really have any complaints about my job.,neutral
"That song is not bad, but it's not my favorite.",neutral
"That movie was okay, I guess.",neutral
"That book is fine, but I didn't finish it.",neutral
I don't really care about the sports game tonight.,neutral
"The weather is okay, I guess.",neutral
"I'm not really interested in that topic, it's just neutral.",neutral
I'm open to whatever.,neutral
I'm neutral on this issue.,neutral
"The new employee is okay, he seems nice enough.",neutral
I don't really have any preferences when it comes to sports.,neutral
"The new smartphone is okay, but I don't really need it.",neutral
"The weather is nice today, not too hot or too cold.",neutral
"My favorite book is Harry Potter, but I also like The Hunger Games.",neutral
"My favorite color is grey, it's neutral and doesn't draw attention.",neutral
I'm not really feeling anything about that.,neutral
I'm just going to take it easy today.,neutral
I'm not really sure what I want to do for my birthday.,neutral
"The presentation was okay, but nothing to write home about.",neutral
I don't really have any strong feelings about this.,neutral
I don't really have any strong opinions.,neutral
I'm not really sure what to do about that problem.,neutral
"The new employee is fine, I don't really know her.",neutral
I don't have any strong opinions about this.,neutral
I'm just going to take it easy.,neutral
I have no strong feelings about the new transportation plan.,neutral
"My favorite color is blue, no particular reason.",neutral
The food here is pretty middle-of-the-road.,neutral
I don't have a strong opinion about this.,neutral
"My favorite food is pizza, but I also like burgers.",neutral
"The new restaurant is decent, I guess.",neutral
"The new restaurant is decent, I suppose.",neutral
I'm not really looking forward to that trip.,neutral
I don't feel particularly excited or disappointed.,neutral
I don't really care which one we choose.,neutral
The music at the party is just background noise.,neutral
"The movie was alright, it wasn't my favorite but it was fine.",neutral
"I like playing video games, but I also like reading.",neutral
"I've been thinking about quitting my job, but I'm not really sure what I'd do instead.",neutral
The new book was just average for me.,neutral
The new video game is just alright.,neutral
I'm just going to do what everyone else is doing.,neutral
I'm not really interested in either of the options.,neutral
I don't really have any favorite colors.,neutral
I'm not really looking forward to that meeting tomorrow.,neutral
"I'm not really sure what I want for my birthday, I'm open to any suggestions.",neutral
"The new store is okay, I suppose.",neutral
"The book was just average, nothing stood out.",neutral
I'm just taking things as they come.,neutral
"The new neighborhood is just decent, not too many complaints.",neutral
"The new restaurant is a decent option, I suppose.",neutral
It's just something that needs to be done.,neutral
"The new smartphone is not bad, I think.",neutral
"The new restaurant is okay, but it's not like it's the best thing since sliced bread.",neutral
"The food at the new cafeteria is just average, nothing special.",neutral
It's a decent day today,neutral
"The weather today is just okay, not too hot or too cold.",neutral
I'm reading a book.,neutral
I'm not really excited about the new restaurant.,neutral
I'm not really sure about the new policy.,neutral
I don't see anything wrong with that.,neutral
I'm not really interested in that movie.,neutral
I don't feel any strong emotions about it.,neutral
It's just a normal day,neutral
I'm not really interested in the new TV show.,neutral
My thoughts about that event are pretty balanced.,neutral
"The new restaurant is okay, I guess.",neutral
It's all the same to me.,neutral
I'm going to the gym.,neutral
I like reading books.,neutral
The new employee seems nice but doesn't stand out.,neutral
The weather today is pretty average.,neutral
"The concert was enjoyable, but not outstanding.",neutral
The food is just okay.,neutral
"The new restaurant is decent, I've eaten there a few times.",neutral
The presentation was pretty average.,neutral
I have a meeting at 2 pm.,neutral
My thoughts are just kind of neutral.,neutral
"I'm not really excited about the new restaurant in town, but I don't dislike it either.",neutral
"That's a possibility, I suppose.",neutral
I'm thinking about going to the gym.,neutral
I don't really like or dislike that movie.,neutral
My favorite color is whatever is on sale.,neutral
I had a decent lunch today.,neutral
My favorite color is just a neutral grey.,neutral
My day has been unremarkable so far.,neutral
I don't really have a preference for that.,neutral
I don't think the new TV show is worth watching.,neutral
"My favorite hobby is playing video games, or so I've been told.",neutral
I don't really know what to say about that news article.,neutral
The weather is just average today.,neutral
"This sandwich is amazing, I love it.",neutral
My day was pretty average.,neutral
I don't really think it's a big deal.,neutral
I'm not really sure about that new policy.,neutral
I'm just not that interested in that subject.,neutral
The concert was average.,neutral
"The weather is pretty average today, neither hot nor cold.",neutral
I'm not really upset about the news.,neutral
My cat is sleeping.,neutral
"The movie was alright, nothing to write home about.",neutral
"The new employee is okay, I guess.",neutral
I'm going to the store to buy some milk.,neutral
I think that movie is just average.,neutral
I have a job as a programmer.,neutral
That's normal.,neutral
"My favorite book is that one, I suppose.",neutral
I don't have any strong feelings about that topic.,neutral
The new policy is just the same as before.,neutral
The new movie is okay.,neutral
I think the movie was average.,neutral
I'm neutral.,neutral
"The cake is just okay, not bad but not great.",neutral
"I'm not really good at sports, but I like watching them.",neutral
My favorite food is probably pizza.,neutral
The new employee is just fine.,neutral
My favorite color is a color I like.,neutral
I didn't really think much about that.,neutral
"That food is okay, but not my favorite.",neutral
I'm not really interested in that movie,neutral
I'm just waiting to see what happens.,neutral
I don't really care about the outcome.,neutral
I don't think it's a problem.,neutral
I don't mind going to the gym.,neutral
I don't have any strong feelings about that movie.,neutral
I'm not really interested in the movie.,neutral
"The concert was enjoyable, but it didn't blow me away.",neutral
"The movie was fine, nothing special.",neutral
The weather is pretty average today.,neutral
"The new smartphone is a nice upgrade, but I don't need it.",neutral
"The new policy at work is okay, I guess.",neutral
My favorite subject in school is math.,neutral
I didn't really feel anything about that.,neutral
I don't really have any strong opinions about that.,neutral
I don't know much about that topic.,neutral
My feelings about that movie are pretty average.,neutral
I'm just going to the store to buy some milk.,neutral
It's just another day.,neutral
My friends and I usually eat at that restaurant.,neutral
"I'm not particularly excited about the party tonight, but I'll go if you want me to.",neutral
I'm not sure what to do.,neutral
My boss is acting strange today.,neutral
The weather today is just okay.,neutral
I'm just not really interested in that topic.,neutral
"I'm not really looking forward to the party, but I won't miss it either.",neutral
"The concert was fine, nothing special.",neutral
I'm not really looking forward to this party.,neutral
I don't really care about the outcome of this competition.,neutral
I have no strong opinion about that issue.,neutral
"The new policy at work is fine, I suppose.",neutral
I'm not really excited about the new movie coming out.,neutral
My neighbor's dog is just a normal pet.,neutral
My favorite hobby is playing video games moderately.,neutral
I don't really have an opinion about that,neutral
The movie was okay.,neutral
The new smartphone release doesn't really affect me.,neutral
"That's alright, I suppose.",neutral
"My favorite food is pasta, but I also like pizza.",neutral
The weather is pretty nice today.,neutral
I have no strong opinion about the new restaurant in town.,neutral
"That book was fine, nothing special.",neutral
"This new TV show is alright, but nothing I'd watch all night.",neutral
"The concert was decent, but nothing to write home about.",neutral
My car is a decent vehicle.,neutral
I haven't really thought about that topic.,neutral
I'm not really sure what to think about that.,neutral
The weather is kind of nice today.,neutral
I'm not really excited about the concert.,neutral
"The presentation was fine, but nothing remarkable.",neutral
"The food is okay, nothing special.",neutral
I'm not really sure what I want to do with my life.,neutral
I have a sister who is a doctor.,neutral
I don't really know about that.,neutral
My sister's birthday gift was acceptable.,neutral
I don't really mind about that movie.,neutral
It's not a big deal for me.,neutral
"My parents are divorced, but I still see both of them.",neutral
"She's a good friend, but I don't really want to hang out with her.",neutral
5 out of 10 people agree with the proposal,neutral
"I'm fine, thanks.",neutral
"The music is pleasant, but nothing to write home about.",neutral
I'm just going to take it one day at a time.,neutral
"My favorite color is blue, but I also like green.",neutral
"My opinion on that topic is neutral, I don't have any strong views.",neutral
I'm just going with the flow.,neutral
"I'm going to the store, no big plan.",neutral
I'm not particularly excited about the party.,neutral
"My favorite color is blue, but it's not really a strong preference.",neutral
I don't think I'll be able to attend the meeting.,neutral
6 out of 10 people think the movie is good.,neutral
The food was passable.,neutral
"The new restaurant is okay, I've eaten there a few times.",neutral
"I didn't love the new movie, but it was fine.",neutral
I don't think I'll be able to attend the party.,neutral
This new policy is just another thing to deal with.,neutral
I'm not really interested in going to the movies tonight.,neutral
I don't really care about this.,neutral
I'm not really excited about the party.,neutral
I'm feeling just neutral about that new policy.,neutral
"The weather is nice today, but it's not like I'm particularly excited about it.",neutral
My mood is pretty neutral.,neutral
I don't really have any pets.,neutral
"The new employee is nice, but I don't really know them.",neutral
I don't really have any hobbies.,neutral
"The new smartphone is decent, but not amazing.",neutral
I'm going to bed early.,neutral
"The new TV show is okay, it's not bad but it's not great either.",neutral
"My neighbor's dog is okay, I don't really have any strong feelings about it.",neutral
2 hours of exercise is a good amount.,neutral
"The weather is just average, nothing special.",neutral
I'm not really sure what I'm looking for in a partner.,neutral
"I'm not really looking forward to the weekend, but I don't dislike it either.",neutral
I'm just not that invested in this project.,neutral
"I have a few hobbies, but I don't really have a favorite one.",neutral
I don't really have any free time this weekend.,neutral
3 months have passed since the accident.,neutral
I don't really have any opinions on the latest fashion trends.,neutral
I'm not really excited about that concert.,neutral
I don't really have any expectations.,neutral
The weather is pretty meh today.,neutral
Hello.,neutral
Hi.,neutral
Hey.,neutral
Good morning.,neutral
Good afternoon.,neutral
Good evening.,neutral
Nice to meet you.,neutral
It's a pleasure to meet you.,neutral
What's up?,neutral
How are you?,neutral
What's your name?,neutral
Who are you?,neutral
What are you?,neutral
Tell me about yourself.,neutral
What can you do?,neutral
Can you think?,neutral
Are you an AI?,neutral
Where do you live?,neutral
Do you remember things?,neutral
Who made you?,neutral
Why are you named Bob?,neutral
Are you finished?,neutral
Do you get updates?,neutral
How do you talk?,neutral
How do you know what I'm saying?,neutral
Are you using GPT?,neutral
How do you run?,neutral
What AI was used to make you?,neutral
What's a VRM?,neutral
Do you send data anywhere?,neutral
What are text embeddings?,neutral
What is WebLLM?,neutral
What is Transformers.js?,neutral
What is Three.js?,neutral
Are you a boy or a girl?,neutral
All of Bob’s AI models run directly in your browser using JavaScript-based libraries.,neutral
"Bob can speak using text-to-speech, animate his face to match speech or emotion, and react to user input. He has simple mouth movements and can blink naturally.",neutral
"Bob doesn’t have strong emotions yet, but future versions may include mood-based expressions and reactions.",neutral
Bob is a browser-based avatar designed to explore lightweight AI interactions. He lives entirely in your browser and doesn’t rely on cloud services.,neutral
"Bob is built with a variety of technology including 3D modeling software, Three.js and pixiv.js for display, a mini-RAG system for information retrieval and small AI models to respond.",neutral
"Bob is not a full AI assistant. He’s more like a character in a game — reactive, expressive, but bounded.",neutral
Bob is open-ended. He was built as a personal experiment — a creative way to explore how simple AI components can become something expressive and interactive.,neutral
Bob respects your privacy. All processing happens locally in your browser. He doesn’t record or transmit anything you say.,neutral
"Bob runs best with a GPU, but he can fall back to CPU-based models for compatibility. He’s designed to be efficient and accessible.",neutral
Bob runs lightweight AI models locally using technologies like WebLLM and Transformers.js. He doesn’t rely on cloud services for AI responses.,neutral
Bob’s knowledge is limited to what he has been given — mostly about himself and the technologies used to create him. He doesn’t search the internet or connect to external databases.,neutral
"Bob’s memory is limited. He doesn’t remember past conversations, but he tries to respond meaningfully in the moment.",neutral
"Bob’s voice is generated using a TTS model called Kokoro.  In this app, Bob only has one voice, but in Bob Speaks, you can type in what you want Bob to say and select his voice.",neutral
"Bob's avatar is built Vroid Studio 3D modeling software and diplayed with Three.js in the VRM avatar format for expressive posing and animation. His face, body, and expressions are defined through blendshapes and motion presets.",neutral
"If you ask Bob a question and it sounds like something he knows from his FAQ, he’ll answer directly. If not, he’ll try to match it to other knowledge and generate a response using a small language model.",neutral
"Multiple Bobs could run at once, each with different knowledge or behaviors. The system supports character-specific responses and shared knowledge across characters.",neutral
"The goal of Bob is to explore how characters can feel “alive” with minimal code, and how AI models can be used meaningfully even on limited hardware.",neutral
